Authors,Author(s) ID,Title,Year,Source title,Volume,Issue,Art. No.,Page start,Page end,Page count,Cited by,DOI,Link,Document Type,Publication Stage,Access Type,Source,EID
"Di Fuccio, R., Ferrara, F., Di Ferdinando, A.","42661259500;57190292835;8855401000;","The DoCENT Game: An Immersive Role-Playing Game for the Enhancement of Digital-Creativity",2020,"Advances in Intelligent Systems and Computing","1008",,,"96","102",,,"10.1007/978-3-030-23884-1_13","https://www.scopus.com/inward/record.uri?eid=2-s2.0-85068679877&doi=10.1007%2f978-3-030-23884-1_13&partnerID=40&md5=a29c0ae32cd479097226db018b2ea493",Conference Paper,"Final",,Scopus,2-s2.0-85068679877
"Petrescu, M.","47762041900;","From marketing to public value: towards a theory of public service ecosystems",2019,"Public Management Review","21","11",,"1733","1752",,1,"10.1080/14719037.2019.1619811","https://www.scopus.com/inward/record.uri?eid=2-s2.0-85067008420&doi=10.1080%2f14719037.2019.1619811&partnerID=40&md5=4b18573e3608915912cffcde57b01e0e",Article,"Final",,Scopus,2-s2.0-85067008420
"Zaborek, P., Mazur, J.","55905939400;8777955800;","Enabling value co-creation with consumers as a driver of business performance: A dual perspective of Polish manufacturing and service SMEs",2019,"Journal of Business Research","104",,,"541","551",,1,"10.1016/j.jbusres.2018.12.067","https://www.scopus.com/inward/record.uri?eid=2-s2.0-85059375778&doi=10.1016%2fj.jbusres.2018.12.067&partnerID=40&md5=da48031ff40e6d272185ab81ed5629b3",Article,"Final",,Scopus,2-s2.0-85059375778
"van Marrewijk, A., Dessing, N.","16023495300;57210147171;","Negotiating reciprocal relationships: Practices of engaged scholarship in project studies",2019,"International Journal of Project Management","37","7",,"884","895",,,"10.1016/j.ijproman.2019.07.001","https://www.scopus.com/inward/record.uri?eid=2-s2.0-85069739445&doi=10.1016%2fj.ijproman.2019.07.001&partnerID=40&md5=bdb0af7148bf2f270bdb33c2fafac153",Article,"Final",,Scopus,2-s2.0-85069739445
"Varnali, K.","35073206700;","Understanding customer journey from the lenses of complexity theory [从复杂性理论的视角理解顾客之旅]",2019,"Service Industries Journal","39","11-12",,"820","835",,3,"10.1080/02642069.2018.1445725","https://www.scopus.com/inward/record.uri?eid=2-s2.0-85042918382&doi=10.1080%2f02642069.2018.1445725&partnerID=40&md5=0512a324af90d6057a1be4fa7e2cdba3",Article,"Final",,Scopus,2-s2.0-85042918382
"Wang, X., Wong, Y.D., Teo, C.-C., Yuen, K.F.","57196484178;57194795023;34267826000;56581269200;","A critical review on value co-creation: towards a contingency framework and research agenda",2019,"Journal of Service Theory and Practice","29","2",,"165","188",,,"10.1108/JSTP-11-2017-0209","https://www.scopus.com/inward/record.uri?eid=2-s2.0-85066992613&doi=10.1108%2fJSTP-11-2017-0209&partnerID=40&md5=6773ea3bce292434f7875ac5b2387e41",Review,"Final",,Scopus,2-s2.0-85066992613
"Romanovska, L.","57210912930;","Urban green infrastructure: Perspectives on life-cycle thinking for holistic assessments",2019,"IOP Conference Series: Earth and Environmental Science","294","1", 012011,"","",,,"10.1088/1755-1315/294/1/012011","https://www.scopus.com/inward/record.uri?eid=2-s2.0-85071875554&doi=10.1088%2f1755-1315%2f294%2f1%2f012011&partnerID=40&md5=1b8996640d2cda52c3b0420419b4a7ab",Conference Paper,"Final",Open Access,Scopus,2-s2.0-85071875554
"Haki, K., Blaschke, M., Aier, S., Winter, R.","57204804040;57188959667;56945755500;12753181200;","A Value Co-creation Perspective on Information Systems Analysis and Design",2019,"Business and Information Systems Engineering","61","4",,"487","502",,1,"10.1007/s12599-018-0557-x","https://www.scopus.com/inward/record.uri?eid=2-s2.0-85069473136&doi=10.1007%2fs12599-018-0557-x&partnerID=40&md5=c160606a9fb7c174159b4c355eb2b9b7",Article,"Final",,Scopus,2-s2.0-85069473136
"Austen, S., Jefferson, T.","6603280380;7103185392;","Crossing the Great Divide: Ostrom’s Coproduction and the Economics of Aged Care",2019,"Feminist Economics","25","3",,"48","69",,,"10.1080/13545701.2019.1566751","https://www.scopus.com/inward/record.uri?eid=2-s2.0-85062525833&doi=10.1080%2f13545701.2019.1566751&partnerID=40&md5=414891d6d63eacab90c2a97cadca4c6d",Article,"Final",,Scopus,2-s2.0-85062525833
"Liu, Y., van Marrewijk, A., Houwing, E.-J., Hertogh, M.","56368702300;16023495300;57205741120;56031019400;","The co-creation of values-in-use at the front end of infrastructure development programs",2019,"International Journal of Project Management","37","5",,"684","695",,1,"10.1016/j.ijproman.2019.01.013","https://www.scopus.com/inward/record.uri?eid=2-s2.0-85061031047&doi=10.1016%2fj.ijproman.2019.01.013&partnerID=40&md5=cdb4415556147427a33189b6d8bb29af",Article,"Final",,Scopus,2-s2.0-85061031047
"Baruk, A.I.","56481664600;","The effect of consumers’ ethnocentric attitudes on their willingness for prosumption",2019,"Heliyon","5","7", e02015,"","",,,"10.1016/j.heliyon.2019.e02015","https://www.scopus.com/inward/record.uri?eid=2-s2.0-85068232797&doi=10.1016%2fj.heliyon.2019.e02015&partnerID=40&md5=d1c2ae121a99eb8e1a6fecb91b71baaf",Article,"Final",Open Access,Scopus,2-s2.0-85068232797
"Kunc, M., Menival, D., Charters, S.","22951387000;37057620000;55904492700;","Champagne: the challenge of value co-creation through regional brands",2019,"International Journal of Wine Business Research","31","2",,"203","220",,,"10.1108/IJWBR-09-2017-0056","https://www.scopus.com/inward/record.uri?eid=2-s2.0-85067074853&doi=10.1108%2fIJWBR-09-2017-0056&partnerID=40&md5=8469ba04708572db817599f9dabfb1d9",Article,"Final",,Scopus,2-s2.0-85067074853
"Wang, X., Wong, Y.D., Teo, C.-C., Yuen, K.F., Li, K.X.","57196484178;57194795023;34267826000;56581269200;57205601826;","Decomposing service conveniences in self-collection: An integrated application of the SERVCON and Kano models",2019,"International Journal of Physical Distribution and Logistics Management","49","4",,"356","375",,,"10.1108/IJPDLM-10-2018-0336","https://www.scopus.com/inward/record.uri?eid=2-s2.0-85066880020&doi=10.1108%2fIJPDLM-10-2018-0336&partnerID=40&md5=73be2324deea746ebf8b45b003c05cd2",Article,"Final",,Scopus,2-s2.0-85066880020
"Dugstad, J., Eide, T., Nilsen, E.R., Eide, H.","57207658864;57170039400;54975449500;6701792808;","Towards successful digital transformation through co-creation: A longitudinal study of a four-year implementation of digital monitoring technology in residential care for persons with dementia",2019,"BMC Health Services Research","19","1", 366,"","",,,"10.1186/s12913-019-4191-1","https://www.scopus.com/inward/record.uri?eid=2-s2.0-85067128924&doi=10.1186%2fs12913-019-4191-1&partnerID=40&md5=64c3b3c98e95a9ce581a840fc2748875",Article,"Final",Open Access,Scopus,2-s2.0-85067128924
"Grott, E.M., Cambra-Fierro, J., Perez, L., Yani-de-Soriano, M.","57191905138;11440113300;37039670500;6504178363;","How cross-culture affects the outcomes of co-creation",2019,"European Business Review","31","4",,"544","566",,,"10.1108/EBR-01-2018-0022","https://www.scopus.com/inward/record.uri?eid=2-s2.0-85067197275&doi=10.1108%2fEBR-01-2018-0022&partnerID=40&md5=c6957d2c64402e6be8181de43dcf26e7",Article,"Final",,Scopus,2-s2.0-85067197275
"Altman Ferreira, P.S.","57208683611;","Co-creating value with suppliers: a conceptual framework",2019,"International Journal of Pharmaceutical and Healthcare Marketing","13","2",,"213","227",,,"10.1108/IJPHM-09-2017-0055","https://www.scopus.com/inward/record.uri?eid=2-s2.0-85065551323&doi=10.1108%2fIJPHM-09-2017-0055&partnerID=40&md5=0fa5ae152a320ad6e089a9b751b4262c",Review,"Final",,Scopus,2-s2.0-85065551323
"Schallehn, H., Seuring, S., Strähle, J., Freise, M.","57204792869;6602271726;57193139013;57190344599;","Defining the antecedents of experience co-creation as applied to alternative consumption models",2019,"Journal of Service Management","30","2",,"209","251",,1,"10.1108/JOSM-12-2017-0353","https://www.scopus.com/inward/record.uri?eid=2-s2.0-85066042896&doi=10.1108%2fJOSM-12-2017-0353&partnerID=40&md5=9b43e6117f4ada5823c99e2ef27ff848",Article,"Final",,Scopus,2-s2.0-85066042896
"Schmeltz, L., Kjeldsen, A.K.","54920051800;57189699130;","Co-creating polyphony or cacophony? A case study of a public organization’s brand co-creation process and the challenge of orchestrating multiple internal voices",2019,"Journal of Brand Management","26","3",,"304","316",,1,"10.1057/s41262-018-0124-2","https://www.scopus.com/inward/record.uri?eid=2-s2.0-85050638745&doi=10.1057%2fs41262-018-0124-2&partnerID=40&md5=340685f55693ae65864333734f6233fc",Article,"Final",,Scopus,2-s2.0-85050638745
"Wajid, A., Raziq, M.M., Malik, O.F., Malik, S.A., Khurshid, N.","57205363986;55490902300;56742865300;16402373200;57207947935;","Value co-creation through actor embeddedness and actor engagement",2019,"Marketing Intelligence and Planning","37","3",,"271","283",,,"10.1108/MIP-07-2018-0241","https://www.scopus.com/inward/record.uri?eid=2-s2.0-85063319190&doi=10.1108%2fMIP-07-2018-0241&partnerID=40&md5=6f8d34e4db2725e349006674a4cd3562",Article,"Final",,Scopus,2-s2.0-85063319190
"Roberts, J.M., Cremin, C.","55739342700;11239842700;","Prosumer culture and the question of fetishism",2019,"Journal of Consumer Culture","19","2",,"213","230",,,"10.1177/1469540517717773","https://www.scopus.com/inward/record.uri?eid=2-s2.0-85066410495&doi=10.1177%2f1469540517717773&partnerID=40&md5=9bfe716f33ee34db0883da6729e8f356",Article,"Final",,Scopus,2-s2.0-85066410495
"Liu, Z., Ming, X., Song, W.","57201026570;7005300183;55512412600;","A framework integrating interval-valued hesitant fuzzy DEMATEL method to capture and evaluate co-creative value propositions for smart PSS",2019,"Journal of Cleaner Production","215",,,"611","625",,4,"10.1016/j.jclepro.2019.01.089","https://www.scopus.com/inward/record.uri?eid=2-s2.0-85060906725&doi=10.1016%2fj.jclepro.2019.01.089&partnerID=40&md5=5bd1e67c2d9e9bf178336dd4f63836af",Article,"Final",,Scopus,2-s2.0-85060906725
"Vespestad, M.-K., Clancy, A.","36612417600;55882894700;","Service dominant logic and primary care services",2019,"International Journal of Quality and Service Sciences","11","1",,"127","140",,,"10.1108/IJQSS-02-2018-0012","https://www.scopus.com/inward/record.uri?eid=2-s2.0-85055179783&doi=10.1108%2fIJQSS-02-2018-0012&partnerID=40&md5=0886c001120f72c1374a68fa6c3e97b3",Article,"Final",,Scopus,2-s2.0-85055179783
"Oosterlinck, K., Radermecker, A.-S.","6506081997;18537645900;","“The Master of …”: creating names for art history and the art market",2019,"Journal of Cultural Economics","43","1",,"57","95",,2,"10.1007/s10824-018-9329-1","https://www.scopus.com/inward/record.uri?eid=2-s2.0-85052566037&doi=10.1007%2fs10824-018-9329-1&partnerID=40&md5=561f03b8438f4b8c549f617857129a6a",Article,"Final",,Scopus,2-s2.0-85052566037
"Fuentes, M.E.G.","57191588683;","Co-creation and co-destruction of experiential value: a service perspective in projects",2019,"Built Environment Project and Asset Management","9","1",,"100","117",,,"10.1108/BEPAM-02-2018-0052","https://www.scopus.com/inward/record.uri?eid=2-s2.0-85059677900&doi=10.1108%2fBEPAM-02-2018-0052&partnerID=40&md5=cfed7d64bfc330437081b58ba6fd811f",Article,"Final",,Scopus,2-s2.0-85059677900
"Marcos-Pablos, S., García-Peñalvo, F.J.","57204363393;16031087300;","Technological ecosystems in care and assistance: A systematic literature review",2019,"Sensors (Switzerland)","19","3", 708,"","",,2,"10.3390/s19030708","https://www.scopus.com/inward/record.uri?eid=2-s2.0-85061373752&doi=10.3390%2fs19030708&partnerID=40&md5=c0b6e0ef9b377389a0ef5757d1662cc4",Review,"Final",Open Access,Scopus,2-s2.0-85061373752
"Liu, Z., Ming, X., Zhang, X.","57201026570;7005300183;57207318254;","A perspective on methodological framework integrating revised rough-DEMATEL to co-generate and analyze requirements for smart product-service system",2019,"ACM International Conference Proceeding Series",,,,"240","247",,1,"10.1145/3312662.3312667","https://www.scopus.com/inward/record.uri?eid=2-s2.0-85064984758&doi=10.1145%2f3312662.3312667&partnerID=40&md5=7d0ad892a1e16f5a9d290f3c7b8d3ebb",Conference Paper,"Final",,Scopus,2-s2.0-85064984758
"Leask, C.F., Sandlund, M., Skelton, D.A., Altenburg, T.M., Cardon, G., Chinapaw, M.J.M., De Bourdeaudhuij, I., Verloigne, M., Chastin, S.F.M.","56801805600;24759575500;57205214092;15047527900;7004013463;26029744000;57203665603;35621195200;57190533650;","Framework, principles and recommendations for utilising participatory methodologies in the co-creation and evaluation of public health interventions",2019,"Research Involvement and Engagement","5","1", 2,"","",,,"10.1186/s40900-018-0136-9","https://www.scopus.com/inward/record.uri?eid=2-s2.0-85066424408&doi=10.1186%2fs40900-018-0136-9&partnerID=40&md5=d01cce885c8c05d57eebb63441aa2210",Article,"Final",Open Access,Scopus,2-s2.0-85066424408
"Trunfio, M., Della Lucia, M.","14049364600;56866221600;","Co-creating value in destination management levering on stakeholder engagement",2019,"e-Review of Tourism Research","16","2-3",,"195","204",,1,,"https://www.scopus.com/inward/record.uri?eid=2-s2.0-85062526272&partnerID=40&md5=c03cdcc3dddefcd251e2ef47d5c8f938",Article,"Final",,Scopus,2-s2.0-85062526272
"Mohd Idros, N.A.N., Mohamed, H., Jenal, R.","57203982659;26534734400;26534442000;","Determinant factors of customer satisfaction for e-hailing service: A preliminary study",2019,"Advances in Intelligent Systems and Computing","843",,,"803","811",,,"10.1007/978-3-319-99007-1_74","https://www.scopus.com/inward/record.uri?eid=2-s2.0-85053863713&doi=10.1007%2f978-3-319-99007-1_74&partnerID=40&md5=723735c4a7ae4805c9427c9b31aecb7e",Conference Paper,"Final",,Scopus,2-s2.0-85053863713
"Aho, A.-M., Sinclair, J.","15130948100;13411350300;","Co-creation Workshops for Work Life Oriented ICT Education",2019,"Communications in Computer and Information Science","1011",,,"302","312",,,"10.1007/978-3-030-20798-4_26","https://www.scopus.com/inward/record.uri?eid=2-s2.0-85066960789&doi=10.1007%2f978-3-030-20798-4_26&partnerID=40&md5=fb9fff91089531f31e247adf8d68d988",Conference Paper,"Final",,Scopus,2-s2.0-85066960789
"Pee, L.G., Pan, S.L., Li, M., Jia, S.","23668683800;57203894889;57191224752;16306770800;","Social informatics of information value cocreation: A case study of xiaomi's online user community",2019,"Journal of the Association for Information Science and Technology",,,,"","",,,"10.1002/asi.24252","https://www.scopus.com/inward/record.uri?eid=2-s2.0-85066053409&doi=10.1002%2fasi.24252&partnerID=40&md5=00664a6c470eca5c6ec7920fa7651952",Article,"Article in Press",,Scopus,2-s2.0-85066053409
"Skarzauskiene, A., Maciuliene, M., Ivanova-Radovanova, P.","36504985800;57140828800;57207824954;","Modelling Co-creation Ecosystem for Public Open Spaces",2019,"Lecture Notes in Computer Science (including subseries Lecture Notes in Artificial Intelligence and Lecture Notes in Bioinformatics)","11380 LNCS",,,"262","277",,,"10.1007/978-3-030-13417-4_21","https://www.scopus.com/inward/record.uri?eid=2-s2.0-85062950991&doi=10.1007%2f978-3-030-13417-4_21&partnerID=40&md5=f6d95df1cb0020456fc7610e9d1a01ae",Book Chapter,"Final",Open Access,Scopus,2-s2.0-85062950991
"Heredia-Carroza, J.","57207991049;","Flamenco performer's perceived value: Development of a measurement index",2019,"Scientific Annals of Economics and Business","66","Specialissue",,"59","71",,1,"10.2478/saeb-2019-0017","https://www.scopus.com/inward/record.uri?eid=2-s2.0-85071608600&doi=10.2478%2fsaeb-2019-0017&partnerID=40&md5=1d92a958bc67c2a9fda023ee043981db",Article,"Final",,Scopus,2-s2.0-85071608600
"Pee, L.G.","23668683800;","Enhancing the learning effectiveness of ill-structured problem solving with online co-creation",2019,"Studies in Higher Education",,,,"","",,,"10.1080/03075079.2019.1609924","https://www.scopus.com/inward/record.uri?eid=2-s2.0-85065041846&doi=10.1080%2f03075079.2019.1609924&partnerID=40&md5=5643fd72feb6d3b1102c70c8a65549a7",Article,"Article in Press",,Scopus,2-s2.0-85065041846
"Hussain, M., Imran, A.","56591389200;6602845181;","M-service implementation by large government organisations: A case study on an m-app in Australia",2019,"Proceedings of the 27th Australasian Conference on Information Systems, ACIS 2016",,,,"","",,,,"https://www.scopus.com/inward/record.uri?eid=2-s2.0-85071632612&partnerID=40&md5=266ee196e42a6d7c1179b8c6d4748ae9",Conference Paper,"Final",,Scopus,2-s2.0-85071632612
"Fagerstrøm, A., Bendheim, L.M., Sigurdsson, V., Foxall, G.R., Pawar, S.","23396496800;57210433700;35729386700;7003828685;57193404187;","The marketing firm and co-creation: The case of co-creation by LEGO",2019,"Managerial and Decision Economics",,,,"","",,,"10.1002/mde.3077","https://www.scopus.com/inward/record.uri?eid=2-s2.0-85070672086&doi=10.1002%2fmde.3077&partnerID=40&md5=8a4343887514bb0ee56b1798f34f703d",Article,"Article in Press",,Scopus,2-s2.0-85070672086
"Simonofski, A., Snoeck, M., Vanderose, B.","57195637480;55968864600;37105035900;","Co-creating e-government services: An empirical analysis of participation methods in Belgium",2019,"Public Administration and Information Technology","35",,,"225","245",,1,"10.1007/978-3-319-98953-2_9","https://www.scopus.com/inward/record.uri?eid=2-s2.0-85062438185&doi=10.1007%2f978-3-319-98953-2_9&partnerID=40&md5=b6e3b7aeb27b7d32863325ad76e07c55",Book Chapter,"Final",,Scopus,2-s2.0-85062438185
"Fagerstrøm, A., Bendheim, L.M., Sigurdsson, V., Pawar, S., Foxall, G.R.","23396496800;57210433700;35729386700;57193404187;7003828685;","The marketing firm and co-creation: An empirical study of marketer and customer's co-creation process",2019,"Managerial and Decision Economics",,,,"","",,,"10.1002/mde.3076","https://www.scopus.com/inward/record.uri?eid=2-s2.0-85070770058&doi=10.1002%2fmde.3076&partnerID=40&md5=5c4452b611edb23a1406d6fcc5858c2a",Article,"Article in Press",,Scopus,2-s2.0-85070770058
"Lei, S.I., Wang, D., Law, R.","57207584230;57108762300;7201502135;","Hoteliers’ service design for mobile-based value co-creation",2019,"International Journal of Contemporary Hospitality Management",,,,"","",,,"10.1108/IJCHM-03-2018-0249","https://www.scopus.com/inward/record.uri?eid=2-s2.0-85068185748&doi=10.1108%2fIJCHM-03-2018-0249&partnerID=40&md5=f0ac3ac7f4c367be18342cd39066e4da",Article,"Article in Press",,Scopus,2-s2.0-85068185748
"Galvagno, M., Giaccone, S.C.","54082935400;57195760947;","Mapping Creative Tourism Research: Reviewing the Field and Outlining Future Directions",2019,"Journal of Hospitality and Tourism Research",,,,"","",,,"10.1177/1096348019862030","https://www.scopus.com/inward/record.uri?eid=2-s2.0-85069046955&doi=10.1177%2f1096348019862030&partnerID=40&md5=ba982317330a5d237c08e0a9c6b464c7",Article,"Article in Press",,Scopus,2-s2.0-85069046955
"Battisti, E., Miglietta, N., Salvi, A., Creta, F.","57188855623;35318260400;36696892500;57210818265;","Strategic approaches to value investing: a systematic literature review of international studies",2019,"Review of International Business and Strategy",,,,"","",,,"10.1108/RIBS-01-2019-0011","https://www.scopus.com/inward/record.uri?eid=2-s2.0-85071585704&doi=10.1108%2fRIBS-01-2019-0011&partnerID=40&md5=7969857fc7fc4cd9a82757b1be4eee5a",Review,"Article in Press",,Scopus,2-s2.0-85071585704
"Wengel, Y., McIntosh, A., Cockburn-Wootten, C.","57003473100;57190660643;8612445500;","Co-creating knowledge in tourism research using the Ketso method",2019,"Tourism Recreation Research","44","3",,"311","322",,,"10.1080/02508281.2019.1575620","https://www.scopus.com/inward/record.uri?eid=2-s2.0-85061234543&doi=10.1080%2f02508281.2019.1575620&partnerID=40&md5=21fe407f17824eed17e11a9cab783aef",Article,"Final",,Scopus,2-s2.0-85061234543
"Heim, I., Kalyuzhnova, Y., Li, W., Liu, K.","57202088661;17346269400;35109368800;7404200099;","Value co-creation between foreign firms and indigenous small- and medium-sized enterprises (SMEs) in Kazakhstan's oil and gas industry: The role of information technology spillovers",2019,"Thunderbird International Business Review",,,,"","",,,"10.1002/tie.22067","https://www.scopus.com/inward/record.uri?eid=2-s2.0-85064623561&doi=10.1002%2ftie.22067&partnerID=40&md5=7538f21649d428727e8778471d4f1aa4",Article,"Article in Press",Open Access,Scopus,2-s2.0-85064623561
"Fleischman, D., Raciti, M.M., Lawley, M.","56494676800;57190754731;25626689000;","Examining international students’ expectations of third-party community engagement as a value co-creation mechanism",2019,"Journal for Advancement of Marketing Education","27","1",,"42","57",,,,"https://www.scopus.com/inward/record.uri?eid=2-s2.0-85068685048&partnerID=40&md5=c81e2508dc0061fc77916e279ddaec27",Article,"Final",,Scopus,2-s2.0-85068685048
"Adam, S., Bauers, S.B., Hovemann, G.","57208102025;57208108854;36659299400;","Inevitable need for change–identifying and removing barriers to supporter participation in German professional football",2019,"Sport in Society",,,,"","",,1,"10.1080/17430437.2019.1596082","https://www.scopus.com/inward/record.uri?eid=2-s2.0-85063772775&doi=10.1080%2f17430437.2019.1596082&partnerID=40&md5=c22542481603455b73a09c9b592a0543",Article,"Article in Press",,Scopus,2-s2.0-85063772775
"Lin, P.M.C., Peng, K.-L., Ren, L., Lin, C.-W.","16401812800;26646880800;55512846900;57204017050;","Hospitality co-creation with mobility-impaired people",2019,"International Journal of Hospitality Management","77",,,"492","503",,2,"10.1016/j.ijhm.2018.08.013","https://www.scopus.com/inward/record.uri?eid=2-s2.0-85054053656&doi=10.1016%2fj.ijhm.2018.08.013&partnerID=40&md5=bfcb3a60b64626f652ecbdc82d4fc754",Article,"Final",,Scopus,2-s2.0-85054053656
"Vaittinen, E., Martinsuo, M.","57197760146;15725591600;","Industrial customers’ organizational readiness for new advanced services",2019,"Journal of Manufacturing Technology Management",,,,"","",,,"10.1108/JMTM-07-2018-0194","https://www.scopus.com/inward/record.uri?eid=2-s2.0-85067886815&doi=10.1108%2fJMTM-07-2018-0194&partnerID=40&md5=c1b9244b03adbeffb256031c2c94ef59",Article,"Article in Press",Open Access,Scopus,2-s2.0-85067886815
"Phi, G.T., Dredge, D.","55839018800;6506407891;","Collaborative tourism-making: an interdisciplinary review of co-creation and a future research agenda",2019,"Tourism Recreation Research","44","3",,"284","299",,,"10.1080/02508281.2019.1640491","https://www.scopus.com/inward/record.uri?eid=2-s2.0-85071053965&doi=10.1080%2f02508281.2019.1640491&partnerID=40&md5=ec9248bedb497bfab3fef3d5fb52669a",Article,"Final",,Scopus,2-s2.0-85071053965
"Williams, E.N., Munyon, T.P., Fuller, R.M.","57210372892;24503768500;56281045900;","Givers, Takers, and New Venture Makers: Why Help-Seeking Processes Are Critical (and Different) for Entrepreneurs",2019,"Contributions to Management Science",,,,"117","143",,,"10.1007/978-3-030-19685-1_6","https://www.scopus.com/inward/record.uri?eid=2-s2.0-85070495668&doi=10.1007%2f978-3-030-19685-1_6&partnerID=40&md5=bdbd5e8c344b83d7258ae66bd5748abc",Book Chapter,"Final",,Scopus,2-s2.0-85070495668
"Hollebeek, L., Rather, R.A.","18133514700;57199227902;","Service innovativeness and tourism customer outcomes",2019,"International Journal of Contemporary Hospitality Management",,,,"","",,,"10.1108/IJCHM-03-2018-0256","https://www.scopus.com/inward/record.uri?eid=2-s2.0-85070437825&doi=10.1108%2fIJCHM-03-2018-0256&partnerID=40&md5=fc577915499720a2add9392be6d4a7e6",Article,"Article in Press",,Scopus,2-s2.0-85070437825
"Blaschke, M., Riss, U., Haki, K., Aier, S.","57188959667;57210758296;57204804040;56945755500;","Design principles for digital value co-creation networks: a service-dominant logic perspective",2019,"Electronic Markets",,,,"","",,1,"10.1007/s12525-019-00356-9","https://www.scopus.com/inward/record.uri?eid=2-s2.0-85069833420&doi=10.1007%2fs12525-019-00356-9&partnerID=40&md5=8270dc24ee8b2804009b0c172e6aaa39",Article,"Article in Press",Open Access,Scopus,2-s2.0-85069833420
"Tjandra, N.C., Ensor, J., Thomson, J.R.","56323845500;7004575632;57208693974;","Co-Creating with Intermediaries: Understanding Their Power and Interest",2019,"Journal of Business-to-Business Marketing",,,,"","",,,"10.1080/1051712X.2019.1611086","https://www.scopus.com/inward/record.uri?eid=2-s2.0-85065520666&doi=10.1080%2f1051712X.2019.1611086&partnerID=40&md5=89a353d36c291b921a0adbc6f33bb46e",Article,"Article in Press",,Scopus,2-s2.0-85065520666
"Troisi, O., Sarno, D., Maione, G., Loia, F.","55555898300;36667432100;57190294317;56888726900;","Service Science Management Engineering and Design (SSMED): a semiautomatic literature review",2019,"Journal of Marketing Management","35","11-12",,"1015","1046",,,"10.1080/0267257X.2019.1605402","https://www.scopus.com/inward/record.uri?eid=2-s2.0-85065495096&doi=10.1080%2f0267257X.2019.1605402&partnerID=40&md5=2d7e336327bc0ec86cf7531a552feb01",Article,"Final",,Scopus,2-s2.0-85065495096
"Vespestad, M.K., Lindberg, F., Mossberg, L.","36612417600;47961105400;8520852800;","Value in tourist experiences: How nature-based experiential styles influence value in climbing",2019,"Tourist Studies",,,,"","",,,"10.1177/1468797619837966","https://www.scopus.com/inward/record.uri?eid=2-s2.0-85063577928&doi=10.1177%2f1468797619837966&partnerID=40&md5=fdb70c2c4cd2bdae6d700ed2ab5791ea",Article,"Article in Press",,Scopus,2-s2.0-85063577928
"Chang, J., Wang, J.J., Bai, X.","56508624800;35812704700;56508804400;","Good match matters: Knowledge co-creation in international joint ventures",2019,"Industrial Marketing Management",,,,"","",,,"10.1016/j.indmarman.2019.06.005","https://www.scopus.com/inward/record.uri?eid=2-s2.0-85067671258&doi=10.1016%2fj.indmarman.2019.06.005&partnerID=40&md5=ccd26c6b7189613b55a36d8e199eedce",Article,"Article in Press",,Scopus,2-s2.0-85067671258
"Ketonen-Oksi, S.","57191330075;","Creating a shared narrative: the use of causal layered analysis to explore value co-creation in a novel service ecosystem",2018,"European Journal of Futures Research","6","1", 5,"","",,1,"10.1186/s40309-018-0135-y","https://www.scopus.com/inward/record.uri?eid=2-s2.0-85047209467&doi=10.1186%2fs40309-018-0135-y&partnerID=40&md5=5ba5e6c6d1bf337ec44ce2c3f3209ccf",Article,"Final",Open Access,Scopus,2-s2.0-85047209467
"Thomas, R.","56599498600;","Mapping the perceptions and antecedents of football fans’ co-creation behaviours with sponsoring brands: a pan-cultural study of the European leagues",2018,"Journal of Marketing Management","34","17-18",,"1470","1502",,1,"10.1080/0267257X.2018.1545685","https://www.scopus.com/inward/record.uri?eid=2-s2.0-85057316749&doi=10.1080%2f0267257X.2018.1545685&partnerID=40&md5=97e4a4302f51fc66c3c0a601e644206c",Article,"Final",,Scopus,2-s2.0-85057316749
"Breidbach, C., Choi, S., Ellway, B., Keating, B.W., Kormusheva, K., Kowalkowski, C., Lim, C., Maglio, P.","55809582800;9248680500;55628102300;24177194000;57203869306;24335289500;55317207100;6603719877;","Operating without operations: how is technology changing the role of the firm?",2018,"Journal of Service Management","29","5",,"809","833",,8,"10.1108/JOSM-05-2018-0127","https://www.scopus.com/inward/record.uri?eid=2-s2.0-85053356002&doi=10.1108%2fJOSM-05-2018-0127&partnerID=40&md5=5f108e050ba7c1cb23014694aa208f71",Review,"Final",,Scopus,2-s2.0-85053356002
"Heim, I., Han, T., Ghobadian, A.","57202088661;57202098462;6603717481;","Value Co-Creation in ICT Services Company: A Case Study of a Cross-Border Acquisition",2018,"Journal of East-West Business","24","4",,"319","338",,3,"10.1080/10669868.2018.1467841","https://www.scopus.com/inward/record.uri?eid=2-s2.0-85047127214&doi=10.1080%2f10669868.2018.1467841&partnerID=40&md5=65123994e89c9ea87d3678184c513c0b",Article,"Final",,Scopus,2-s2.0-85047127214
"Sthapit, E., Coudounaris, D.N., Björk, P.","57193222394;35271722300;36634092400;","The memorable souvenir-shopping experience: antecedents and outcomes",2018,"Leisure Studies","37","5",,"628","643",,,"10.1080/02614367.2018.1519031","https://www.scopus.com/inward/record.uri?eid=2-s2.0-85053310283&doi=10.1080%2f02614367.2018.1519031&partnerID=40&md5=7873f7c5f8df84ebf8d835f00158dc11",Article,"Final",,Scopus,2-s2.0-85053310283
"Roy, S.K., Shekhar, V., Lassar, W.M., Chen, T.","55476508400;35363011900;6602790869;55505401000;","Customer engagement behaviors: The role of service convenience, fairness and quality",2018,"Journal of Retailing and Consumer Services","44",,,"293","304",,8,"10.1016/j.jretconser.2018.07.018","https://www.scopus.com/inward/record.uri?eid=2-s2.0-85050410101&doi=10.1016%2fj.jretconser.2018.07.018&partnerID=40&md5=e7a09707f8a7a7c122b57c1d1a9e5fce",Article,"Final",,Scopus,2-s2.0-85050410101
"Razo-Zapata, I.S., Chew, E.K., Proper, E.","35103216200;23972353000;26768040300;","VIVA: A visual language to design value co-creation",2018,"Proceeding - 2018 20th IEEE International Conference on Business Informatics, CBI 2018","1",, 8452655,"20","29",,1,"10.1109/CBI.2018.00012","https://www.scopus.com/inward/record.uri?eid=2-s2.0-85054086798&doi=10.1109%2fCBI.2018.00012&partnerID=40&md5=3e83e2df389e143e48a8c97b641200d9",Conference Paper,"Final",,Scopus,2-s2.0-85054086798
"Buratti, N., Parola, F., Satta, G.","55556681100;23051798000;55513859900;","Insights on the adoption of social media marketing in B2B services",2018,"TQM Journal","30","5",,"490","529",,2,"10.1108/TQM-11-2017-0136","https://www.scopus.com/inward/record.uri?eid=2-s2.0-85045135935&doi=10.1108%2fTQM-11-2017-0136&partnerID=40&md5=0917c0545626090fdd3a2a21a25b9dad",Article,"Final",,Scopus,2-s2.0-85045135935
"Feltus, C., Proper, E.H.A., Metzger, A., Garcia Lopez, J.C., Gonzalez Castineira, R.","24528263400;26768040300;15119826600;57203570897;57203576012;","Value CoCreation (VCC) language design in the frame of a smart airport network case study",2018,"Proceedings - International Conference on Advanced Information Networking and Applications, AINA","2018-May",, 8432329,"858","865",,1,"10.1109/AINA.2018.00127","https://www.scopus.com/inward/record.uri?eid=2-s2.0-85052310138&doi=10.1109%2fAINA.2018.00127&partnerID=40&md5=d6ea4f2777edfb12717e57443850a33d",Conference Paper,"Final",,Scopus,2-s2.0-85052310138
"Spanò, R., Di Paola, N., Bova, M., Barbarino, A.","55790653400;56610153900;57201537163;23472193200;","Value co-creation in healthcare: Evidence from innovative therapeutic alternatives for hereditary angioedema",2018,"BMC Health Services Research","18","1", 571,"","",,1,"10.1186/s12913-018-3389-y","https://www.scopus.com/inward/record.uri?eid=2-s2.0-85050295900&doi=10.1186%2fs12913-018-3389-y&partnerID=40&md5=4816ec43f56a4c15167edd5e2fd0dd61",Article,"Final",Open Access,Scopus,2-s2.0-85050295900
"Yang, Y.","23991941100;","Is transparency a double-edged sword in citizen satisfaction with public service? Evidence from China’s public healthcare",2018,"Journal of Service Theory and Practice","28","4",,"484","506",,,"10.1108/JSTP-06-2017-0102","https://www.scopus.com/inward/record.uri?eid=2-s2.0-85048373273&doi=10.1108%2fJSTP-06-2017-0102&partnerID=40&md5=3d29cc7e5f0cfc872191a08ee7cef0d5",Article,"Final",,Scopus,2-s2.0-85048373273
"Oertzen, A.-S., Odekerken-Schröder, G., Brax, S.A., Mager, B.","57203120384;6602297452;8610710900;52364321000;","Co-creating services—conceptual clarification, forms and outcomes",2018,"Journal of Service Management","29","4",,"641","679",,4,"10.1108/JOSM-03-2017-0067","https://www.scopus.com/inward/record.uri?eid=2-s2.0-85050529751&doi=10.1108%2fJOSM-03-2017-0067&partnerID=40&md5=fd2ba56fe0df3f4cdec0ac8f76207130",Article,"Final",Open Access,Scopus,2-s2.0-85050529751
"Manh, T.N.","57201675518;","Co-Creation from consumer resource integration",2018,"International Journal of Asian Business and Information Management","9","3",,"1","13",,,"10.4018/IJABIM.2018070101","https://www.scopus.com/inward/record.uri?eid=2-s2.0-85045692915&doi=10.4018%2fIJABIM.2018070101&partnerID=40&md5=ff1dd2fe929186e6d8851be2fb5f7005",Article,"Final",,Scopus,2-s2.0-85045692915
"Kim, J.","57200540696;","The effect of patient participation through physician's resources on experience and wellbeing",2018,"Sustainability (Switzerland)","10","6", 2102,"","",,2,"10.3390/su10062102","https://www.scopus.com/inward/record.uri?eid=2-s2.0-85048927111&doi=10.3390%2fsu10062102&partnerID=40&md5=e61a6d21320c2afec88146b5048705ab",Article,"Final",Open Access,Scopus,2-s2.0-85048927111
"Adamik, A., Nowicki, M., Szymańska, K.","57203373309;57203368413;57204594324;","Openness to co-creation as a method of reducing the complexity of the environment and dynamizing companies' competitive advantages",2018,"Management and Marketing","13","2",,"880","896",,1,"10.2478/mmcks-2018-0011","https://www.scopus.com/inward/record.uri?eid=2-s2.0-85051416716&doi=10.2478%2fmmcks-2018-0011&partnerID=40&md5=db6be285992cf7f6e4b24c0f0a206521",Article,"Final",Open Access,Scopus,2-s2.0-85051416716
"Wong, J.W.C., Lai, I.K.W.","55928796200;26655755300;","Evaluating value co-creation activities in exhibitions: An impact-asymmetry analysis",2018,"International Journal of Hospitality Management","72",,,"118","131",,5,"10.1016/j.ijhm.2018.01.011","https://www.scopus.com/inward/record.uri?eid=2-s2.0-85041586021&doi=10.1016%2fj.ijhm.2018.01.011&partnerID=40&md5=e474473b6169dcd6329b494af549b5e7",Article,"Final",,Scopus,2-s2.0-85041586021
"Lin, C.-A., Chen, H.","57200534692;23110135500;","Deconstructing B2B, co-creation and service deployment in East Asia: evidence from Taiwan and PRC manufacturers",2018,"Asia Pacific Business Review","24","3",,"351","370",,,"10.1080/13602381.2018.1429124","https://www.scopus.com/inward/record.uri?eid=2-s2.0-85041527032&doi=10.1080%2f13602381.2018.1429124&partnerID=40&md5=d21561c60a559e90272db007e99730e7",Article,"Final",,Scopus,2-s2.0-85041527032
"Meneses-Ortegon, J.P., Jove, T., Fabregat, R., Uribe-Rios, M.Y.","57192645922;6507049198;6602491428;55576482700;","Knowlegde management for co-creating educational material with high ability students, teachers and parents",2018,"IEEE Global Engineering Education Conference, EDUCON","2018-April",,,"1678","1683",,1,"10.1109/EDUCON.2018.8363436","https://www.scopus.com/inward/record.uri?eid=2-s2.0-85048123133&doi=10.1109%2fEDUCON.2018.8363436&partnerID=40&md5=9cffe9564eb66f105efb7b9c6110caab",Conference Paper,"Final",,Scopus,2-s2.0-85048123133
"Callinan, C., Scott, M., Whelan, E., Ojo, A.","57200579535;12139606700;56207634600;55800630300;","How to create public value through open data driven Co-creation: A survey of the literature",2018,"ACM International Conference Proceeding Series",,,,"363","370",,,"10.1145/3209415.3209457","https://www.scopus.com/inward/record.uri?eid=2-s2.0-85051441337&doi=10.1145%2f3209415.3209457&partnerID=40&md5=be2ab8dc47d6ef0faebda1fa738d1638",Conference Paper,"Final",,Scopus,2-s2.0-85051441337
"Lim, C., Kim, K.-H., Kim, M.-J., Heo, J.-Y., Kim, K.-J., Maglio, P.P.","55317207100;57020115300;57189390690;56579676100;57050548400;6603719877;","From data to value: A nine-factor framework for data-based value creation in information-intensive services",2018,"International Journal of Information Management","39",,,"121","135",,28,"10.1016/j.ijinfomgt.2017.12.007","https://www.scopus.com/inward/record.uri?eid=2-s2.0-85038023986&doi=10.1016%2fj.ijinfomgt.2017.12.007&partnerID=40&md5=a6661634085fa4ae1a970af66b629366",Article,"Final",Open Access,Scopus,2-s2.0-85038023986
"Busser, J.A., Shulga, L.V.","6603362335;57193995828;","Co-created value: Multidimensional scale and nomological network",2018,"Tourism Management","65",,,"69","86",,5,"10.1016/j.tourman.2017.09.014","https://www.scopus.com/inward/record.uri?eid=2-s2.0-85033469524&doi=10.1016%2fj.tourman.2017.09.014&partnerID=40&md5=961a76ef115a92ec2e61f96f2545d89b",Article,"Final",,Scopus,2-s2.0-85033469524
"Ramaswamy, V., Ozcan, K.","35608712100;55924090400;","What is co-creation? An interactional creation framework and its implications for value creation",2018,"Journal of Business Research","84",,,"196","205",,32,"10.1016/j.jbusres.2017.11.027","https://www.scopus.com/inward/record.uri?eid=2-s2.0-85034594049&doi=10.1016%2fj.jbusres.2017.11.027&partnerID=40&md5=539febe9a294db800198579325994363",Article,"Final",,Scopus,2-s2.0-85034594049
"Pezzotta, G., Cavalieri, S., Romero, D.","36503017300;7103242299;55828150491;","Collaborative product-service systems engineering: Towards an active role of customers and stakeholders in value co-creation",2018,"2017 International Conference on Engineering, Technology and Innovation: Engineering, Technology and Innovation Management Beyond 2020: New Challenges, New Approaches, ICE/ITMC 2017 - Proceedings","2018-January",,,"1247","1254",,4,"10.1109/ICE.2017.8280023","https://www.scopus.com/inward/record.uri?eid=2-s2.0-85047485284&doi=10.1109%2fICE.2017.8280023&partnerID=40&md5=ea02b2eedcdb155e7574391ea455b2e2",Conference Paper,"Final",,Scopus,2-s2.0-85047485284
"Song, W., Sakao, T.","55512412600;15127561700;","An environmentally conscious PSS recommendation method based on users' vague ratings: A rough multi-criteria approach",2018,"Journal of Cleaner Production","172",,,"1592","1606",,17,"10.1016/j.jclepro.2017.10.092","https://www.scopus.com/inward/record.uri?eid=2-s2.0-85038813948&doi=10.1016%2fj.jclepro.2017.10.092&partnerID=40&md5=28f0a339ba568d5b182df867ca748afb",Article,"Final",,Scopus,2-s2.0-85038813948
"Ali, S.Y., Hussin, A.R.C., Ghazali, M.","57195903149;25922547400;24070212800;","Antecedents and consequences of eWOM in social commerce",2018,"Journal of Theoretical and Applied Information Technology","96","1",,"149","161",,1,,"https://www.scopus.com/inward/record.uri?eid=2-s2.0-85041362863&partnerID=40&md5=c97f1f8514fcc9ba0fdaeae159a7a2d0",Article,"Final",,Scopus,2-s2.0-85041362863
"Eikebrokk, T.R., Lind, E., Olsen, D.H.","10045962500;57206785882;7202416827;","Co-creation of IT-value in a cluster of small enterprises",2018,"Procedia Computer Science","138",,,"492","499",,,"10.1016/j.procs.2018.10.068","https://www.scopus.com/inward/record.uri?eid=2-s2.0-85061959868&doi=10.1016%2fj.procs.2018.10.068&partnerID=40&md5=eabced325a6087883bfd352f3bf72e03",Conference Paper,"Final",Open Access,Scopus,2-s2.0-85061959868
"Peters, U., Villafranca, E., Koch, H.","57202446370;57204044247;8726907100;","Scaling up beyond walls: Discovering new revenue streams",2018,"Americas Conference on Information Systems 2018: Digital Disruption, AMCIS 2018",,,,"","",,,,"https://www.scopus.com/inward/record.uri?eid=2-s2.0-85054274807&partnerID=40&md5=823ac83358a7f57227e39a06f9e4d340",Conference Paper,"Final",,Scopus,2-s2.0-85054274807
"Corbett, J., Savarimuthu, T., Mohanna, M.","55311369800;57204045401;35189337500;","Are electricity prosumers more engaged? An analysis of brand-follower engagement on twitter",2018,"Americas Conference on Information Systems 2018: Digital Disruption, AMCIS 2018",,,,"","",,,,"https://www.scopus.com/inward/record.uri?eid=2-s2.0-85054214379&partnerID=40&md5=464487faf61aa37bd2bfaa27af5ef349",Conference Paper,"Final",,Scopus,2-s2.0-85054214379
"Blaschke, M., Kazem Haki, M., Aier, S., Winter, R.","57188959667;37041305900;56945755500;12753181200;","Value co-creation ontology-A service-dominant logic perspective",2018,"MKWI 2018 - Multikonferenz Wirtschaftsinformatik","2018-March",,,"398","409",,3,,"https://www.scopus.com/inward/record.uri?eid=2-s2.0-85048363338&partnerID=40&md5=579a21bde952a30f0175b3a32699732e",Conference Paper,"Final",,Scopus,2-s2.0-85048363338
"Li, M., Jian, Z., Li, L., Yeung, T.K.-H.","56908388600;35229742900;57191096820;57201196109;","Effects of organisational learning on service innovation performance: The mediating effect of supply chain collaboration and the moderating role of interpersonal trust",2018,"International Journal of Services, Technology and Management","24","1-3",,"43","61",,,,"https://www.scopus.com/inward/record.uri?eid=2-s2.0-85043755209&partnerID=40&md5=2d29964ef34c25e7275e31fd472ed3c3",Conference Paper,"Final",,Scopus,2-s2.0-85043755209
"Vogelsang, K., Packmohr, S., Liere-Netheler, K., Hoppe, U.","23979039800;57204077128;57194770676;37048857000;","Understanding the Transformation Towards Industry 4.0",2018,"Lecture Notes in Business Information Processing","330",,,"99","112",,,"10.1007/978-3-319-99951-7_7","https://www.scopus.com/inward/record.uri?eid=2-s2.0-85054362660&doi=10.1007%2f978-3-319-99951-7_7&partnerID=40&md5=063290e0f920c8216eca83a359fd457f",Conference Paper,"Final",,Scopus,2-s2.0-85054362660
"Feltus, C., Lessard, L., Vernadat, F., Amyot, D., Proper, E.H.A.","24528263400;35078785900;56206302300;6602186776;26768040300;","Conceptualization of a value cocreation language for knowledge-intensive business services",2018,"Lecture Notes in Business Information Processing","311",,,"3","23",,1,"10.1007/978-3-319-77721-4_1","https://www.scopus.com/inward/record.uri?eid=2-s2.0-85044461460&doi=10.1007%2f978-3-319-77721-4_1&partnerID=40&md5=06194dd5114c6fae4d2c8aa96c39413d",Conference Paper,"Final",,Scopus,2-s2.0-85044461460
"Blaschke, M., Aier, S., Haki, K., Winter, R.","57188959667;56945755500;57204804040;12753181200;","Capabilities for digital platform survival: Insights from a business-to-business digital platform",2018,"International Conference on Information Systems 2018, ICIS 2018",,,,"","",,,,"https://www.scopus.com/inward/record.uri?eid=2-s2.0-85062489386&partnerID=40&md5=41f1fe30356d1dff4be1a470a61ef603",Conference Paper,"Final",,Scopus,2-s2.0-85062489386
"Ferraz, L.Z.T., Rezende, A.J., de Lima, J.P.R., Todeva, E.","57204779108;57204776450;57204775109;24178129600;","Perception of value co-creation actions in agricultural cooperatives",2018,"BAR - Brazilian Administration Review","15","3", e180005,"","",,,"10.1590/1807-7692bar2018180005","https://www.scopus.com/inward/record.uri?eid=2-s2.0-85057088843&doi=10.1590%2f1807-7692bar2018180005&partnerID=40&md5=10cccd450712c673e641689cf4187316",Article,"Final",Open Access,Scopus,2-s2.0-85057088843
"Bagdoniene, L., Valkauskiene, G.","55901269600;57200987512;","Working together: Understanding value co-creation processes in professional service delivery",2018,"Engineering Economics","29","1",,"101","114",,,"10.5755/j01.ee.29.1.18436","https://www.scopus.com/inward/record.uri?eid=2-s2.0-85042790976&doi=10.5755%2fj01.ee.29.1.18436&partnerID=40&md5=bd5b4191366c85f538af063a6dc2a10a",Article,"Final",,Scopus,2-s2.0-85042790976
"Chicksand, D., Rehme, J.","9273205900;15760639600;","Total value in business relationships: exploring the link between power and value appropriation",2018,"Journal of Business and Industrial Marketing","33","2",,"174","182",,6,"10.1108/JBIM-05-2016-0100","https://www.scopus.com/inward/record.uri?eid=2-s2.0-85044065751&doi=10.1108%2fJBIM-05-2016-0100&partnerID=40&md5=455dc7fd3374bce5c8bdeb41a4a1ad1e",Article,"Final",,Scopus,2-s2.0-85044065751
"Chen, C.-Y.","35757514400;","How customer participation influences service failure attribution: The moderating effect of self-efficacy",2018,"Journal of Service Theory and Practice","28","3",,"298","314",,2,"10.1108/JSTP-12-2016-0224","https://www.scopus.com/inward/record.uri?eid=2-s2.0-85043487375&doi=10.1108%2fJSTP-12-2016-0224&partnerID=40&md5=c03e904050948735a6bbe7d5a1e87218",Article,"Final",,Scopus,2-s2.0-85043487375
"France, C., Grace, D., Merrilees, B., Miller, D.","56823144600;7004927888;6507787586;55494848700;","Customer brand co-creation behavior: conceptualization and empirical validation",2018,"Marketing Intelligence and Planning","36","3",,"334","348",,1,"10.1108/MIP-10-2017-0266","https://www.scopus.com/inward/record.uri?eid=2-s2.0-85042625447&doi=10.1108%2fMIP-10-2017-0266&partnerID=40&md5=ef911994a7006dbf3b02476c6f4089e8",Article,"Final",,Scopus,2-s2.0-85042625447
"Bullemore, J., Cristobal-Fransi, E.","57204572221;8588970900;","Personal selling, incentives and motivation. A systematic literature review [Venta personal, incentivos y motivación. Una revisión sistemática de la literatura]",2018,"Espacios","39","45",,"","",18,,,"https://www.scopus.com/inward/record.uri?eid=2-s2.0-85056243968&partnerID=40&md5=c7e8848e1054ad305f781567c5b4ea6d",Article,"Final",,Scopus,2-s2.0-85056243968
"Best, B., Moffett, S., Hannibal, C., McAdam, R.","57192087265;12761222000;17346031800;7007109027;","Examining networked NGO services: reconceptualising value co-creation",2018,"International Journal of Operations and Production Management","38","7",,"1540","1561",,1,"10.1108/IJOPM-10-2015-0644","https://www.scopus.com/inward/record.uri?eid=2-s2.0-85048058150&doi=10.1108%2fIJOPM-10-2015-0644&partnerID=40&md5=6d7a657b5aea303cf59e85e29bd3cb1b",Article,"Final",,Scopus,2-s2.0-85048058150
"Cambra-Fierro, J., Melero-Polo, I., Sese, F.J.","11440113300;55151451400;26647764300;","Customer value co-creation over the relationship life cycle",2018,"Journal of Service Theory and Practice","28","3",,"336","355",,5,"10.1108/JSTP-01-2017-0009","https://www.scopus.com/inward/record.uri?eid=2-s2.0-85043455144&doi=10.1108%2fJSTP-01-2017-0009&partnerID=40&md5=2955d06f701933cf79c79dbc3f347ab9",Article,"Final",,Scopus,2-s2.0-85043455144
"Lim, C., Kim, M.-J., Kim, K.-H., Kim, K.-J., Maglio, P.P.","55317207100;57189390690;57020115300;57050548400;6603719877;","Using data to advance service: managerial issues and theoretical implications from action research",2018,"Journal of Service Theory and Practice","28","1",,"99","128",,10,"10.1108/JSTP-08-2016-0141","https://www.scopus.com/inward/record.uri?eid=2-s2.0-85035803481&doi=10.1108%2fJSTP-08-2016-0141&partnerID=40&md5=92dce824a09995a517bd221b6a27995f",Article,"Final",Open Access,Scopus,2-s2.0-85035803481
"Chen, Y.-C., Rivas, A.A., Wu, W.-Y.","57142826600;57189757665;7407078721;","Exploring the determinants and consequences of salesperson market orientation behavior: An empirical study in the financial service industry",2018,"Journal of Service Theory and Practice","28","2",,"170","195",,1,"10.1108/JSTP-02-2016-0035","https://www.scopus.com/inward/record.uri?eid=2-s2.0-85033558076&doi=10.1108%2fJSTP-02-2016-0035&partnerID=40&md5=937b2235c4556eeaf5e1531946f65946",Article,"Final",,Scopus,2-s2.0-85033558076
"Sarmah, B., Rahman, Z.","57188671192;15760954200;","Customer co-creation in hotel service innovation: An interpretive structural modeling and MICMAC analysis approach",2018,"Benchmarking","25","1",,"297","318",,5,"10.1108/BIJ-09-2016-0145","https://www.scopus.com/inward/record.uri?eid=2-s2.0-85041610419&doi=10.1108%2fBIJ-09-2016-0145&partnerID=40&md5=3527bc20bb68874a4da717e5b963b492",Article,"Final",,Scopus,2-s2.0-85041610419
"Hernando, E., Campo, S.","57195575618;23395982600;","Does the artist's name influence the perceived value of an art work?",2017,"International Journal of Arts Management","19","2",,"46","58",,6,,"https://www.scopus.com/inward/record.uri?eid=2-s2.0-85029862185&partnerID=40&md5=0a9238af51a968378815e83f4fa784be",Article,"Final",,Scopus,2-s2.0-85029862185
"Tsai, S.-P.","36166148100;","Driving holistic innovation to heighten hotel customer loyalty",2017,"Current Issues in Tourism","20","15",,"1604","1619",,7,"10.1080/13683500.2015.1043249","https://www.scopus.com/inward/record.uri?eid=2-s2.0-84929448317&doi=10.1080%2f13683500.2015.1043249&partnerID=40&md5=a7e91e63788fd4bcaf5ecb94b7f926af",Article,"Final",,Scopus,2-s2.0-84929448317
"Feltus, C., Proper, E.H.A.","24528263400;26768040300;","Conceptualization of an abstract language to support value co-creation",2017,"Proceedings of the 2017 Federated Conference on Computer Science and Information Systems, FedCSIS 2017",,, 8104671,"971","980",,4,"10.15439/2017F9","https://www.scopus.com/inward/record.uri?eid=2-s2.0-85039904167&doi=10.15439%2f2017F9&partnerID=40&md5=a194938cac22de2418285ab57d4a5ccd",Conference Paper,"Final",Open Access,Scopus,2-s2.0-85039904167
"Makhni, S.","57205135085;","Co-Creation in health systems design",2017,"AMA Journal of Ethics","19","11",,"1070","1072",,,"10.1001/journalofethics.2017.19.11.fred1-1711","https://www.scopus.com/inward/record.uri?eid=2-s2.0-85064171545&doi=10.1001%2fjournalofethics.2017.19.11.fred1-1711&partnerID=40&md5=1c6325fe9b6c964727aed36d041c4fd3",Review,"Final",Open Access,Scopus,2-s2.0-85064171545
"Sarmah, B., Rahman, Z.","57188671192;15760954200;","Transforming Jewellery Designing: Empowering Customers through Crowdsourcing in India",2017,"Global Business Review","18","5",,"1325","1344",,3,"10.1177/0972150917710123","https://www.scopus.com/inward/record.uri?eid=2-s2.0-85029041965&doi=10.1177%2f0972150917710123&partnerID=40&md5=4c39e02834e96d57c5922ed3858d4ddd",Article,"Final",,Scopus,2-s2.0-85029041965
"Tossavainen, P.J.","57086807900;","Co-create with stakeholders: Action research approach in service development",2017,"Action Research","15","3",,"276","293",,,"10.1177/1476750316641995","https://www.scopus.com/inward/record.uri?eid=2-s2.0-85029482416&doi=10.1177%2f1476750316641995&partnerID=40&md5=9a9aa9ea7a5012f74b9d2aa0ae27b3bb",Article,"Final",,Scopus,2-s2.0-85029482416
"Sugathan, P., Ranjan, K.R., Mulky, A.G.","57188035700;56306001200;37057576500;","An examination of the emotions that follow a failure of co-creation",2017,"Journal of Business Research","78",,,"43","52",,7,"10.1016/j.jbusres.2017.04.022","https://www.scopus.com/inward/record.uri?eid=2-s2.0-85020716114&doi=10.1016%2fj.jbusres.2017.04.022&partnerID=40&md5=bc2d319acb66e15093ad15af625ba1d3",Article,"Final",,Scopus,2-s2.0-85020716114
"Frost, R., Lyons, K.","57191707718;35307281500;","Service systems analysis methods and components: A systematic literature review",2017,"Service Science","9","3",,"219","234",,7,"10.1287/serv.2017.0180","https://www.scopus.com/inward/record.uri?eid=2-s2.0-85040946629&doi=10.1287%2fserv.2017.0180&partnerID=40&md5=6e319349669e5d334a35a72e7ce6e8f3",Review,"Final",,Scopus,2-s2.0-85040946629
"Sun, L., Li, L., Yue, C., Kong, Y.","57199011151;57191158274;57191165314;57203425039;","Information interaction capabilities: conceptualisation and instrument development",2017,"Technology Analysis and Strategic Management","29","7",,"701","716",,,"10.1080/09537325.2016.1227065","https://www.scopus.com/inward/record.uri?eid=2-s2.0-84987670092&doi=10.1080%2f09537325.2016.1227065&partnerID=40&md5=7018331b96edea03c581169836e68a26",Article,"Final",,Scopus,2-s2.0-84987670092
"Zubala, A., MacGillivray, S., Frost, H., Kroll, T., Skelton, D.A., Gavine, A., Gray, N.M., Toma, M., Morris, J.","55915261600;6505890246;7102804814;7005173152;7006061461;49461119000;57202727764;56389361700;24402025600;","Promotion of physical activity interventions for community dwelling older adults: A systematic review of reviews",2017,"PLoS ONE","12","7", e0180902,"","",,17,"10.1371/journal.pone.0180902","https://www.scopus.com/inward/record.uri?eid=2-s2.0-85022203804&doi=10.1371%2fjournal.pone.0180902&partnerID=40&md5=c8cbca6d5f27fd96dd9c16a6aeec1326",Article,"Final",Open Access,Scopus,2-s2.0-85022203804
"Prebensen, N.K., Xie, J.","6506449188;23991892500;","Efficacy of co-creation and mastering on perceived value and satisfaction in tourists’ consumption",2017,"Tourism Management","60",,,"166","176",,48,"10.1016/j.tourman.2016.12.001","https://www.scopus.com/inward/record.uri?eid=2-s2.0-85002323071&doi=10.1016%2fj.tourman.2016.12.001&partnerID=40&md5=a9595475fd2e75792c150c9c61087702",Article,"Final",,Scopus,2-s2.0-85002323071
"Colbert, F.","8891540600;","A Brief History of Arts Marketing Thought in North America",2017,"Journal of Arts Management Law and Society","47","3",,"167","177",,2,"10.1080/10632921.2016.1274700","https://www.scopus.com/inward/record.uri?eid=2-s2.0-85017157471&doi=10.1080%2f10632921.2016.1274700&partnerID=40&md5=68bf88f22da22c4a603e6657e7936b80",Article,"Final",,Scopus,2-s2.0-85017157471
"Hurni, D., Grösser, S.N.","57161013000;55909525900;","Innovation management with an emphasis on co-creation",2017,"Dynamics of Long-Life Assets: From Technology Adaptation to Upgrading the Business Model",,,,"45","68",,1,"10.1007/978-3-319-45438-2_4","https://www.scopus.com/inward/record.uri?eid=2-s2.0-85033194999&doi=10.1007%2f978-3-319-45438-2_4&partnerID=40&md5=7b8ae07740e65501a2bd956e94195c6b",Book Chapter,"Final",Open Access,Scopus,2-s2.0-85033194999
"Amatulli, C., Nataraajan, R., Capestro, M., Carvignese, M., Guido, G.","37009648600;56490885000;16425423100;57193899380;16425388800;","“Service” in Luxury Retailing in the Twenty-First Century: An Exploratory Look at the Pleasure Boating Sector",2017,"Psychology and Marketing","34","5",,"569","579",,,"10.1002/mar.21006","https://www.scopus.com/inward/record.uri?eid=2-s2.0-85017424543&doi=10.1002%2fmar.21006&partnerID=40&md5=c374be13621de443f14ca2d2741ef844",Article,"Final",,Scopus,2-s2.0-85017424543
"Sugathan, P., Ranjan, K.R., Mulky, A.G.","57188035700;56306001200;37057576500;","Atypical Shifts Post-failure: Influence of Co-creation on Attribution and Future Motivation to Co-create",2017,"Journal of Interactive Marketing","38",,,"64","81",,6,"10.1016/j.intmar.2017.01.002","https://www.scopus.com/inward/record.uri?eid=2-s2.0-85017660726&doi=10.1016%2fj.intmar.2017.01.002&partnerID=40&md5=f0f239775eaccdc437c9b2e5df4185b7",Article,"Final",,Scopus,2-s2.0-85017660726
"Viio, P., Nordin, F.","56156020100;12144469800;","Double-Loop Sales Adaptation: A Conceptual Model and an Empirical Investigation",2017,"Journal of Business-to-Business Marketing","24","2",,"123","137",,,"10.1080/1051712X.2017.1313673","https://www.scopus.com/inward/record.uri?eid=2-s2.0-85019648585&doi=10.1080%2f1051712X.2017.1313673&partnerID=40&md5=3e9470b32242efafb71831ce93ab5aa9",Article,"Final",,Scopus,2-s2.0-85019648585
"Hsieh, P.-L., Wei, S.-L.","8530206500;57193121773;","Relationship formation within online brand communities: Bridging the virtual and the real",2017,"Asia Pacific Management Review","22","1",,"2","9",,2,"10.1016/j.apmrv.2016.10.008","https://www.scopus.com/inward/record.uri?eid=2-s2.0-85011002979&doi=10.1016%2fj.apmrv.2016.10.008&partnerID=40&md5=ad5a58da97ace47d61d4c5dff85dccc3",Article,"Final",,Scopus,2-s2.0-85011002979
"Pee, L.G.","23668683800;","Learning through Ill-structured problems: A technology-enabled co-creation approach",2017,"International Conference on Information Society, i-Society 2016",,, 7854210,"176","177",,,"10.1109/i-Society.2016.7854210","https://www.scopus.com/inward/record.uri?eid=2-s2.0-85016064470&doi=10.1109%2fi-Society.2016.7854210&partnerID=40&md5=717f47d153da8d1eeec54c043bb8a035",Conference Paper,"Final",,Scopus,2-s2.0-85016064470
"Hansen, A.V.","57192903797;","What stories unfold: empirically grasping value co-creation",2017,"European Business Review","29","1",,"2","14",,3,"10.1108/EBR-08-2015-0080","https://www.scopus.com/inward/record.uri?eid=2-s2.0-85008950097&doi=10.1108%2fEBR-08-2015-0080&partnerID=40&md5=df853c740657db45ed2465b51f653e0a",Article,"Final",,Scopus,2-s2.0-85008950097
"Callinan, C., Scott, M., Whelan, E., Ojo, A.","57200579535;12139606700;56207634600;55800630300;","A co-creation based model for engaging citizen open data use",2017,"30th Bled eConference: Digital Transformation - From Connecting Things to Transforming our Lives, BLED 2017",,,,"47","56",,,"10.18690/978-961-286-043-1.5","https://www.scopus.com/inward/record.uri?eid=2-s2.0-85071969827&doi=10.18690%2f978-961-286-043-1.5&partnerID=40&md5=c74127438f81ba752e88dfb33cd6949a",Conference Paper,"Final",Open Access,Scopus,2-s2.0-85071969827
"Snoeck, M., Crompvoets, J., Habra, N., Simonofski, A., Vanderose, B.","55968864600;19639976700;18036928000;57195637480;37105035900;","Reexamining e-participation: systematic literature review on citizen participation in e-government service delivery",2017,"AMCIS 2017 - America's Conference on Information Systems: A Tradition of Innovation","2017-August",,,"","",,1,,"https://www.scopus.com/inward/record.uri?eid=2-s2.0-85048545313&partnerID=40&md5=f44c136bb595f554ef0f68bc8187257c",Conference Paper,"Final",,Scopus,2-s2.0-85048545313
"de Oliveira, D.T., Cortimiglia, M.N.","57143752900;23093331600;","Value co-creation in web-based multisided platforms: A conceptual framework and implications for business model design",2017,"Business Horizons","60","6",,"747","758",,7,"10.1016/j.bushor.2017.07.002","https://www.scopus.com/inward/record.uri?eid=2-s2.0-85028459024&doi=10.1016%2fj.bushor.2017.07.002&partnerID=40&md5=5fa960dbedfad7c914e4c20bca1fbcd0",Article,"Final",,Scopus,2-s2.0-85028459024
"Mainardes, E.W., Teixeira, A., Romano, P.C.S.","35764807800;48561910700;57193328595;","Determinants of co-creation in banking services",2017,"International Journal of Bank Marketing","35","2",,"187","204",,10,"10.1108/IJBM-10-2015-0165","https://www.scopus.com/inward/record.uri?eid=2-s2.0-85013127764&doi=10.1108%2fIJBM-10-2015-0165&partnerID=40&md5=0515e6ca137825f16f9033ac1568b1ee",Article,"Final",,Scopus,2-s2.0-85013127764
"Colldén, C., Gremyr, I., Hellström, A., Sporraeus, D.","57195579665;6507800977;24544600700;57195572953;","A value-based taxonomy of improvement approaches in healthcare",2017,"Journal of Health, Organisation and Management","31","4",,"445","458",,4,"10.1108/JHOM-08-2016-0162","https://www.scopus.com/inward/record.uri?eid=2-s2.0-85028950908&doi=10.1108%2fJHOM-08-2016-0162&partnerID=40&md5=36db6d06fbbb38d7a3c6bf29d4ff2cb7",Article,"Final",,Scopus,2-s2.0-85028950908
"Brogt, T., Peter Schuler, J.M., Schiller, B., Eicker, S.","57202453460;57202451889;57202452506;24450395000;","The role of quality in sociotechnical systems",2017,"AMCIS 2017 - America's Conference on Information Systems: A Tradition of Innovation","2017-August",,,"","",,1,,"https://www.scopus.com/inward/record.uri?eid=2-s2.0-85048421877&partnerID=40&md5=a5d4d9544dbbe2ec1d1236f0fbe10613",Conference Paper,"Final",,Scopus,2-s2.0-85048421877
"Reis, J., Amorim, M., Melão, N.","57204698523;55250827300;6507014196;","New ways to deal with omni-channel services: Opening the door to synergies, or problems in the horizon?",2017,"Lecture Notes in Business Information Processing","279",,,"51","63",,4,"10.1007/978-3-319-56925-3_5","https://www.scopus.com/inward/record.uri?eid=2-s2.0-85018647476&doi=10.1007%2f978-3-319-56925-3_5&partnerID=40&md5=9a1b0c582072f39e4f846c5abaab0708",Conference Paper,"Final",,Scopus,2-s2.0-85018647476
"Li, A.Q., Found, P.","57190258988;16244431200;","Towards Sustainability: PSS, Digital Technology and Value Co-creation",2017,"Procedia CIRP","64",,,"79","84",,7,"10.1016/j.procir.2017.05.002","https://www.scopus.com/inward/record.uri?eid=2-s2.0-85021779621&doi=10.1016%2fj.procir.2017.05.002&partnerID=40&md5=86b22e4bd47b2209698cfce2070295f2",Conference Paper,"Final",Open Access,Scopus,2-s2.0-85021779621
"Daly, S., McKilligan, S., Murphy, L., Ostrowski, A.","57201834097;57194330397;57195966246;56198089700;","Tracing problem evolution: Factors that impact design problem definition",2017,"Analysing Design Thinking: Studies of Cross-Cultural Co-Creation",,,,"555","572",,14,"10.1201/9781315208169","https://www.scopus.com/inward/record.uri?eid=2-s2.0-85044366573&doi=10.1201%2f9781315208169&partnerID=40&md5=ffe328d84bdde92b35b6e790a840df28",Book Chapter,"Final",,Scopus,2-s2.0-85044366573
"Blaschke, M., Haki, M.K., Riss, U., Aier, S.","57188959667;36547933800;22986137600;56945755500;","Design principles for business-model-based management methods—a service-dominant logic perspective",2017,"Lecture Notes in Computer Science (including subseries Lecture Notes in Artificial Intelligence and Lecture Notes in Bioinformatics)","10243 LNCS",,,"179","198",,7,"10.1007/978-3-319-59144-5_11","https://www.scopus.com/inward/record.uri?eid=2-s2.0-85020434229&doi=10.1007%2f978-3-319-59144-5_11&partnerID=40&md5=a6421c3f4d344260c839a84a5fc462ea",Conference Paper,"Final",,Scopus,2-s2.0-85020434229
"Wu, J.-J., Kung, H.Y., Lin, T.M.Y.","56093967400;57194765843;35210690000;","Influence of customer participation on information technology services",2017,"Industrial Management and Data Systems","117","6",,"1077","1092",,1,"10.1108/IMDS-03-2016-0104","https://www.scopus.com/inward/record.uri?eid=2-s2.0-85022082118&doi=10.1108%2fIMDS-03-2016-0104&partnerID=40&md5=9724721404e7e105f74f26d416eb9876",Article,"Final",,Scopus,2-s2.0-85022082118
"Solakis, K., Peña-Vinces, J.C., Lopéz-Bonilla, J.M.","57197766843;54585873100;24178349500;","DART model from a customer's perspective: An exploratory study in the hospitality industry of Greece",2017,"Problems and Perspectives in Management","15","2",,"536","548",,1,"10.21511/ppm.15(si).2017.07","https://www.scopus.com/inward/record.uri?eid=2-s2.0-85034624472&doi=10.21511%2fppm.15%28si%29.2017.07&partnerID=40&md5=78d8edb40710bb47b785b55770cab983",Review,"Final",Open Access,Scopus,2-s2.0-85034624472
"Sorensen, A., Andrews, L., Drennan, J.","57194544607;16400583200;8698421100;","Using social media posts as resources for engaging in value co-creation: The case for social media-based cause brand communities",2017,"Journal of Service Theory and Practice","27","4",,"898","922",,9,"10.1108/JSTP-04-2016-0080","https://www.scopus.com/inward/record.uri?eid=2-s2.0-85020704565&doi=10.1108%2fJSTP-04-2016-0080&partnerID=40&md5=2d817f4db7ce3db3a22c4b0665d45bea",Article,"Final",,Scopus,2-s2.0-85020704565
"Hernando, E., Campo, S.","57195575618;23395982600;","An artist's perceived value: Development of a measurement scale",2017,"International Journal of Arts Management","19","3",,"33","47",,4,,"https://www.scopus.com/inward/record.uri?eid=2-s2.0-85028940500&partnerID=40&md5=f486327941aadc4b97da4ad0db8171a1",Article,"Final",,Scopus,2-s2.0-85028940500
"Jouny-Rivier, E., Reynoso, J., Edvardsson, B.","57192279125;56000804800;6701457475;","Determinants of services co-creation with business customers",2017,"Journal of Services Marketing","31","2",,"85","103",,7,"10.1108/JSM-01-2016-0001","https://www.scopus.com/inward/record.uri?eid=2-s2.0-85018882800&doi=10.1108%2fJSM-01-2016-0001&partnerID=40&md5=7c1017081b756a350211210bc2e56e2f",Article,"Final",,Scopus,2-s2.0-85018882800
"Yagil, D., Shultz, T.","6701382675;36860854200;","Service with a conscience: moral dilemmas in customer service roles",2017,"Journal of Service Theory and Practice","27","3",,"689","711",,4,"10.1108/JSTP-04-2016-0089","https://www.scopus.com/inward/record.uri?eid=2-s2.0-85018685220&doi=10.1108%2fJSTP-04-2016-0089&partnerID=40&md5=dd4970c09e2f5b558a4bed9858945656",Article,"Final",,Scopus,2-s2.0-85018685220
"Rodríguez-López, N., Diz-Comesaña, M.E.","55158393500;11238998600;","Toward a Taxonomy of Virtual Communities from a Value Cocreation Perspective",2016,"Psychology and Marketing","33","12",,"1166","1173",,2,"10.1002/mar.20954","https://www.scopus.com/inward/record.uri?eid=2-s2.0-84995639406&doi=10.1002%2fmar.20954&partnerID=40&md5=9d71276ebea3db234499f25868ba780a",Article,"Final",,Scopus,2-s2.0-84995639406
"Urueña, A., Hidalgo, A., Arenas, Á.E.","57015136500;23568177400;36021134400;","Identifying capabilities in innovation projects: Evidences from eHealth",2016,"Journal of Business Research","69","11",,"4843","4848",,4,"10.1016/j.jbusres.2016.04.041","https://www.scopus.com/inward/record.uri?eid=2-s2.0-84965025466&doi=10.1016%2fj.jbusres.2016.04.041&partnerID=40&md5=e25cbb8f081552271747ffa355f19690",Article,"Final",,Scopus,2-s2.0-84965025466
"Wåhlin, N., Kapsali, M., Nasholm, M.H., Blomquist, T.","36146399200;56619555400;57126394500;56624699600;","Urban strategies for culture-driven growth: Co-creating a european capital of culture",2016,"Urban Strategies for Culture-Driven Growth: Co-Creating a European Capital of Culture",,,,"1","193",,3,"10.4337/9781783479382","https://www.scopus.com/inward/record.uri?eid=2-s2.0-85057592999&doi=10.4337%2f9781783479382&partnerID=40&md5=e68d8a42cabd67d1fbf2b192310cceee",Book,"Final",Open Access,Scopus,2-s2.0-85057592999
"Aquilani, B., Silvestri, C., Ruggieri, A.","56113636900;6701821261;36922407600;","Sustainability, TQM and value co-creation processes: The role of critical success factors",2016,"Sustainability (Switzerland)","8","10", 995,"","",,19,"10.3390/su8100995","https://www.scopus.com/inward/record.uri?eid=2-s2.0-84994908859&doi=10.3390%2fsu8100995&partnerID=40&md5=d259e063ab0bbfc9f2bb553d4d06d7af",Article,"Final",Open Access,Scopus,2-s2.0-84994908859
"Jouny-Rivier, E., Ngobo, P.-V.","57192279125;24279761900;","Drivers of companies’ willingness to co-create B2B services",2016,"Recherche et Applications en Marketing","31","3",,"61","87",,,"10.1177/2051570716658461","https://www.scopus.com/inward/record.uri?eid=2-s2.0-85002548891&doi=10.1177%2f2051570716658461&partnerID=40&md5=7839baf6839054979ce89c9e3b753f88",Article,"Final",,Scopus,2-s2.0-85002548891
"Leclercq, T., Hammedi, W., Poncin, I.","57190437855;37361229300;13410704400;","Ten years of value cocreation: An integrative review",2016,"Recherche et Applications en Marketing","31","3",,"26","60",,12,"10.1177/2051570716650172","https://www.scopus.com/inward/record.uri?eid=2-s2.0-85002627205&doi=10.1177%2f2051570716650172&partnerID=40&md5=da5f535b47e8110b5238dc14a99831e4",Review,"Final",,Scopus,2-s2.0-85002627205
"Preece, C., Kerrigan, F., O’Reilly, D.","56478660200;39361786600;57190957416;","Framing the work: the composition of value in the visual arts",2016,"European Journal of Marketing","50","7-8",,"1377","1398",,6,"10.1108/EJM-12-2014-0756","https://www.scopus.com/inward/record.uri?eid=2-s2.0-84985031066&doi=10.1108%2fEJM-12-2014-0756&partnerID=40&md5=45a3a3c314348009a66cae2f12849178",Article,"Final",,Scopus,2-s2.0-84985031066
"Fernandes, T., Remelhe, P.","36462299900;57016846700;","How to engage customers in co-creation: customers’ motivations for collaborative innovation",2016,"Journal of Strategic Marketing","24","3-4",,"311","326",,26,"10.1080/0965254X.2015.1095220","https://www.scopus.com/inward/record.uri?eid=2-s2.0-84951273203&doi=10.1080%2f0965254X.2015.1095220&partnerID=40&md5=bd56ffb3dc051de5bee41135ca15ab8e",Article,"Final",,Scopus,2-s2.0-84951273203
"Pee, L.G.","23668683800;","Customer co-creation in B2C e-commerce: does it lead to better new products?",2016,"Electronic Commerce Research","16","2",,"217","243",,6,"10.1007/s10660-016-9221-z","https://www.scopus.com/inward/record.uri?eid=2-s2.0-84962773237&doi=10.1007%2fs10660-016-9221-z&partnerID=40&md5=5f17365cee7594525147dda5b781cdbd",Article,"Final",,Scopus,2-s2.0-84962773237
"Chew, E.K.","23972353000;","iSIM: An integrated design method for commercializing service innovation",2016,"Information Systems Frontiers","18","3",,"457","478",,12,"10.1007/s10796-015-9605-y","https://www.scopus.com/inward/record.uri?eid=2-s2.0-84944936984&doi=10.1007%2fs10796-015-9605-y&partnerID=40&md5=32fbfef76e7f7097d5742a0c94fc3af6",Article,"Final",,Scopus,2-s2.0-84944936984
"Tarí, J.J., Dick, G.","6603623715;7102551388;","Trends in quality management research in higher education institutions",2016,"Journal of Service Theory and Practice","26","3",,"273","296",,14,"10.1108/JSTP-10-2014-0230","https://www.scopus.com/inward/record.uri?eid=2-s2.0-84963753742&doi=10.1108%2fJSTP-10-2014-0230&partnerID=40&md5=481fc65535d5cb8478ac96ec3e940f82",Review,"Final",,Scopus,2-s2.0-84963753742
"Alves, H., Fernandes, C., Raposo, M.","35208145700;55343368900;23768404400;","Value co-creation: Concept and contexts of application and study",2016,"Journal of Business Research","69","5",,"1626","1633",,52,"10.1016/j.jbusres.2015.10.029","https://www.scopus.com/inward/record.uri?eid=2-s2.0-84959167082&doi=10.1016%2fj.jbusres.2015.10.029&partnerID=40&md5=98a2e97b89d4d50dab1cf58437b1e1b0",Article,"Final",,Scopus,2-s2.0-84959167082
"Iyanna, S.","56671305700;","Insights into consumer resource integration and value co-creation process",2016,"Journal of Applied Business Research","32","3",,"717","728",,1,"10.19030/jabr.v32i3.9652","https://www.scopus.com/inward/record.uri?eid=2-s2.0-84964860356&doi=10.19030%2fjabr.v32i3.9652&partnerID=40&md5=979007c9727964a738dc1cdea38e4208",Article,"Final",Open Access,Scopus,2-s2.0-84964860356
"Rogers, B., Clark, L.","56186156400;57193922319;","CABS: a conceptual model for context-aware B2B sales applications",2016,"Journal of Research in Interactive Marketing","10","1",,"50","66",,2,"10.1108/JRIM-03-2015-0023","https://www.scopus.com/inward/record.uri?eid=2-s2.0-84959457206&doi=10.1108%2fJRIM-03-2015-0023&partnerID=40&md5=a32c98bfb0852a29a418c92e4fd9bfc0",Article,"Final",,Scopus,2-s2.0-84959457206
"Dawe, S., Sankar, C.S.","57190375684;7004517457;","Research note for “Developing a smart city by operationalizing the co-creation of value model”",2016,"Journal of Information Technology Case and Application Research","18","1",,"50","52",,,"10.1080/15228053.2016.1160735","https://www.scopus.com/inward/record.uri?eid=2-s2.0-85057179159&doi=10.1080%2f15228053.2016.1160735&partnerID=40&md5=ea8e45c00f5edeb6bce441268e31852b",Article,"Final",,Scopus,2-s2.0-85057179159
"Dawe, S., Sankar, C.S.","57190375684;7004517457;","Developing a smart city by operationalizing the co-creation of value model",2016,"Journal of Information Technology Case and Application Research","18","1",,"37","49",,3,"10.1080/15228053.2016.1160734","https://www.scopus.com/inward/record.uri?eid=2-s2.0-85055588968&doi=10.1080%2f15228053.2016.1160734&partnerID=40&md5=47a3152d8ebeb61795a6b489a03a8041",Article,"Final",,Scopus,2-s2.0-85055588968
"Ramaswamy, V., Ozcan, K.","35608712100;55924090400;","Brand value co-creation in a digitalized world: An integrative framework and research implications",2016,"International Journal of Research in Marketing","33","1",,"93","106",,59,"10.1016/j.ijresmar.2015.07.001","https://www.scopus.com/inward/record.uri?eid=2-s2.0-84937597535&doi=10.1016%2fj.ijresmar.2015.07.001&partnerID=40&md5=18d3a49774a465f7015f14b7a2851edb",Article,"Final",,Scopus,2-s2.0-84937597535
"Cobelli, N., Confente, I., Russo, I.","36634054600;56743286500;18435271000;","Entrepreneurial Initiatives, Organizational Performance and Value Co-Creation: Evidence from a Business-to-Business Context",2016,"Entrepreneurial Challenges in the 21st Century: Creating Stakeholder Value Co-Creation",,,,"155","177",,,"10.1057/9781137479761_10","https://www.scopus.com/inward/record.uri?eid=2-s2.0-84968735399&doi=10.1057%2f9781137479761_10&partnerID=40&md5=0598cb83081dc9e1db686db92a634d8e",Book Chapter,"Final",,Scopus,2-s2.0-84968735399
"Cantele, S., Vernizzi, S.","37107182400;55662313100;","Value Co-Creation and Entrepreneurial Challenges in Business Networks: What Factors Impact Upon the Performance of Firms in Networks?",2016,"Entrepreneurial Challenges in the 21st Century: Creating Stakeholder Value Co-Creation",,,,"47","68",,,"10.1057/9781137479761_4","https://www.scopus.com/inward/record.uri?eid=2-s2.0-84968918968&doi=10.1057%2f9781137479761_4&partnerID=40&md5=7e0a997e91cbea47cf4db0366c0559f4",Book Chapter,"Final",,Scopus,2-s2.0-84968918968
"Weinrich, T., Muntermann, J., Wayne, R.","6506109074;15623729200;57193141696;","Exploring principles for corporate digital infrastructure design in the financial services industry",2016,"Pacific Asia Conference on Information Systems, PACIS 2016 - Proceedings",,,,"","",,,,"https://www.scopus.com/inward/record.uri?eid=2-s2.0-85011103516&partnerID=40&md5=4546498c7247d1a9ced0ab5830656f0f",Conference Paper,"Final",,Scopus,2-s2.0-85011103516
"Dawe, S., Sankar, C.","57190375684;7004517457;","Developing a smart city by operationalizing the co-creation of value model",2016,"SMARTGREENS 2016 - Proceedings of the 5th International Conference on Smart Cities and Green ICT Systems",,,,"47","54",,,,"https://www.scopus.com/inward/record.uri?eid=2-s2.0-84979608030&partnerID=40&md5=58fe47f2c404b072305fdc5389006a92",Conference Paper,"Final",,Scopus,2-s2.0-84979608030
"Blaschke, M., Haki, M.K., Riss, U., Winter, R., Aier, S.","57188959667;36547933800;22986137600;12753181200;56945755500;","Digital infrastructure: A service-dominant logic perspective",2016,"2016 International Conference on Information Systems, ICIS 2016",,,,"","",,1,,"https://www.scopus.com/inward/record.uri?eid=2-s2.0-85019461277&partnerID=40&md5=10abbbc6f0487c65bdf5fd37b1d37d2e",Conference Paper,"Final",,Scopus,2-s2.0-85019461277
"Cobelli, N., Confente, I., Russo, I.","36634054600;56743286500;18435271000;","Entrepreneurial initiatives, organizational performance and value co-creation: Evidence from a business-to-business context",2016,"Entrepreneurial Challenges in the 21St Century: Creating Stakeholder Value Co-Creation",,,,"155","177",,,"10.1007/978-1-137-47976-1","https://www.scopus.com/inward/record.uri?eid=2-s2.0-84960198741&doi=10.1007%2f978-1-137-47976-1&partnerID=40&md5=4bb602ac194120f3ddc324c1a5293743",Book Chapter,"Final",,Scopus,2-s2.0-84960198741
"Osei-Frimpong, K.","56897278900;","Examining the effects of patient characteristics and prior value needs on the patient-doctor encounter process in healthcare service delivery",2016,"International Journal of Pharmaceutical and Healthcare Marketing","10","2",,"192","213",,7,"10.1108/IJPHM-01-2016-0005","https://www.scopus.com/inward/record.uri?eid=2-s2.0-84977554572&doi=10.1108%2fIJPHM-01-2016-0005&partnerID=40&md5=c99cac846aab3babb0e557e5b5f1627a",Article,"Final",,Scopus,2-s2.0-84977554572
"Cantele, S., Vernizzi, S.","37107182400;55662313100;","Value co-creation and entrepreneurial challenges in business networks: What factors impact upon the performance of firms in networks?",2016,"Entrepreneurial Challenges in the 21St Century: Creating Stakeholder Value Co-Creation",,,,"47","68",,1,"10.1007/978-1-137-47976-1","https://www.scopus.com/inward/record.uri?eid=2-s2.0-84960302078&doi=10.1007%2f978-1-137-47976-1&partnerID=40&md5=88cf5495017a5774f87b36234cf6f9be",Book Chapter,"Final",,Scopus,2-s2.0-84960302078
"Kristal, S., Baumgarth, C., Behnke, C., Henseler, J.","57190123054;16028109000;57190128083;29067736100;","Is co-creation really a booster for brand equity? The role of co-creation in observer-based brand equity (OBBE)",2016,"Journal of Product and Brand Management","25","3",,"247","261",,9,"10.1108/JPBM-05-2015-0893","https://www.scopus.com/inward/record.uri?eid=2-s2.0-84977481875&doi=10.1108%2fJPBM-05-2015-0893&partnerID=40&md5=76858fe1c99d0007161db57abbefb4d6",Article,"Final",,Scopus,2-s2.0-84977481875
"França, A., Ferreira, J.","57190003093;25959981800;","Resources and capabilities through the lens of value (co-) creation: A literature review",2016,"International Journal of Innovation Science","8","3",,"250","253",,2,"10.1108/IJIS-09-2016-023","https://www.scopus.com/inward/record.uri?eid=2-s2.0-85019209817&doi=10.1108%2fIJIS-09-2016-023&partnerID=40&md5=347f8f8aafb8872b46ec6064040e6a13",Review,"Final",,Scopus,2-s2.0-85019209817
"Grandy, G., Levit, T.","6506613298;56910004500;","Value co-creation and stakeholder complexity: what strategy can learn from churches",2015,"Qualitative Research in Organizations and Management: An International Journal","10","3",,"243","273",,3,"10.1108/QROM-03-2014-1205","https://www.scopus.com/inward/record.uri?eid=2-s2.0-84944595398&doi=10.1108%2fQROM-03-2014-1205&partnerID=40&md5=edc6715a2c9217a9d1b912be49064504",Article,"Final",,Scopus,2-s2.0-84944595398
"Frow, P., Nenonen, S., Payne, A., Storbacka, K.","8935806100;57200327324;8935806000;24484862700;","Managing Co-creation Design: A Strategic Approach to Innovation",2015,"British Journal of Management","26","3",,"463","483",,95,"10.1111/1467-8551.12087","https://www.scopus.com/inward/record.uri?eid=2-s2.0-84949085543&doi=10.1111%2f1467-8551.12087&partnerID=40&md5=cef61a295d57c8f90ff78654ca7362f6",Article,"Final",,Scopus,2-s2.0-84949085543
